Impulsion,ImpulsionPAr,ImpulsionPAv,Travail,TravailPAr,TravailPAv
0.0,0.0,0.0,0.0,0.0,0.0
59.871164031347526,-50.56313684219871,110.4343008735462,-0.5838339106099291,0.4933693934824194,-1.077203304092348
119.1249000441971,-101.1257004858822,220.2506005300793,-1.147026217534,0.9739547062697236,-2.120980923803724
178.4136705184328,-151.650225433196,330.0638959516288,-1.551438849157559,1.318710325920772,-2.8701491750783314
237.3993939622864,-202.52673014086682,439.9261241031533,-1.7132986584481897,1.4567912642335883,-3.170089922681778
296.9139089528315,-253.5077423949923,550.4216513478239,-1.608033140588165,1.368906202807784,-2.976939343395949
356.36551085205383,-304.2324031406364,660.5979139926902,-1.245939138196551,1.0581869608360601,-2.30412609903261
415.8743246759161,-354.9008479812363,770.7751726571524,-0.6320341421616293,0.5373278709746256,-1.1693620131362548
475.72590511124815,-405.7905426139309,881.516447725179,0.1785417575237656,-0.1529671150082248,0.3315088725319906
535.1499336006293,-456.40038879784186,991.5503223984712,1.061882319665837,-0.9052609994726916,1.967143319138529
595.1769024170409,-506.42482447811136,1101.601726895152,1.9007918084583133,-1.6046734424541742,3.505465250912487
655.0444401503248,-557.0451839398194,1212.089624090144,2.626030096214421,-2.216874166969486,4.842904263183907
713.9479052991225,-608.0124021647251,1321.9603074638471,3.254234021116885,-2.760383586364529,6.014617607481417
772.4591890397426,-658.733689577629,1431.192878617371,3.835525157840291,-3.2642884885882206,7.099813646428513
830.949044964735,-709.4574455375633,1540.406490502298,4.362928453325896,-3.7216371318625807,8.084565585188479
888.8243833188515,-760.1816993112958,1649.0060826301471,4.764674659903468,-4.0730393146705435,8.837713974574015
946.6957580389867,-810.9101775989943,1757.605935637981,4.998874097760995,-4.279043136539652,9.277917234300649
1004.828106504514,-861.0541415726327,1865.882248077146,5.137643317266095,-4.398816389502117,9.536459706768213
1062.820430013107,-911.6041695237781,1974.4245995368851,5.349544893255809,-4.584793060169947,9.934337953425755
1121.730557631967,-962.3719544839,2084.102512115866,5.79549240437143,-4.9656742898699004,10.76116669424133
1181.6342804743151,-1012.1461949368801,2193.780475411194,6.488594329777382,-5.540902324448581,12.029496654225971
1241.3480295006689,-1061.809555097706,2303.157584598374,7.20161507323283,-6.133334995396005,13.33495006862884
1300.055413243087,-1112.394417482273,2412.449830725359,7.530308811751187,-6.40981441887291,13.9401232306241
1358.540978690054,-1162.886831120921,2521.427809810975,7.133749281014335,-6.07615301048871,13.20990229150305
1417.365677954165,-1213.375954930672,2630.7416328848362,5.966436411182432,-5.068777047129302,11.035213458311741
1476.208234808228,-1264.732074966947,2740.9403097751747,4.2353049170648465,-3.558142115876115,7.793447032940963
1535.335248600522,-1315.8060306333568,2851.141279233877,2.1310822056183882,-1.741681172608532,3.8727633782269235
1594.1234136620071,-1366.635962010345,2960.759375672351,-0.2397779037609813,0.3093688361475038,-0.5491467399084824
1651.342771522079,-1417.813827597291,3069.156599119369,-2.731570053130104,2.5392667473491306,-5.270836800479231
1708.2002492000738,-1469.33664050884,3177.5368897089115,-5.177134183607562,4.756229845447988,-9.933364029055543
1765.1624181041102,-1521.4218397433692,3286.584257847478,-7.308022608381978,6.7003907094115425,-14.008413317793519
1821.782978740477,-1573.484099311734,3395.2670780522103,-8.870283826115696,8.141077505082839,-17.01136133119853
1878.6190703190302,-1625.2856081748112,3503.9046784938396,-9.809755447934553,8.995759541284185,-18.805514989218732
1935.740596004201,-1677.121865536283,3612.862461540483,-10.20842045770141,9.359629740586767,-19.568050198288173
1992.846485410168,-1728.9753744562781,3721.821859866444,-10.24499233069147,9.391595767559203,-19.636588098250662
2049.6487733323847,-1781.383430920732,3831.0322042531157,-10.11584587095936,9.272261976639426,-19.38810784759877
2106.473401181947,-1834.289200660718,3940.762601842664,-9.971976917569037,9.138383615496627,-19.11036053306566
2163.970752919688,-1886.889792083753,4050.86054500344,-9.862382617231688,9.037833227336904,-18.90021584456859
2221.12826700733,-1940.080289456144,4161.208556463474,-9.721626099784462,8.90516721205455,-18.62679331183901
2277.6712711790938,-1994.7201791485309,4272.3914503276255,-9.397431424165006,8.591926856570232,-17.98935828073524
2334.240218577449,-2050.2192356670653,4384.459454244515,-8.72517255231202,7.929154559618041,-16.654327111930062
2390.739915510404,-2106.67640871521,4497.416324225615,-7.600679843980992,6.804811181810452,-14.40549102579144
2447.254342420395,-2164.3438162782604,4611.5981586986545,-6.034835091271892,5.203269973264776,-11.23810506453666
2503.505064610436,-2223.233468562692,4726.738533173128,-4.132599037871582,3.210661046761071,-7.343260084632648
2558.77430779961,-2284.113901018174,4842.888208817783,-2.053029819957651,0.9164185159705004,-2.969448335928146
2613.346338716571,-2347.712472237432,4961.058810954003,0.1086727454907379,-1.6033599752811483,1.71203272077189
2668.874891974707,-2412.15750350231,5081.032395477017,2.355623441173479,-4.210833167271456,6.5664566084449385
2722.952298494557,-2478.953712481797,5201.906010976354,4.579260898541449,-6.959723475363862,11.53898437390532
2775.821549127817,-2549.510226156442,5325.331775284259,6.830284348361853,-9.963657882972324,16.79394223133418
2828.460243930661,-2623.015566885395,5451.475810816057,9.148188325685869,-13.20211538918943,22.350303714875302
2880.6074573169362,-2699.485752472545,5580.093209789481,11.254837601470609,-16.29092143572615,27.54575903719676
2932.5841621175373,-2779.0469535687957,5711.631115686333,12.366264646749311,-17.94208076199423,30.30834540874356
2983.466277840586,-2861.690344515423,5845.156622356009,11.02900214345975,-15.72189407378402,26.75089621724378
3033.417976408412,-2947.635513684334,5981.053490092745,5.620371052483116,-6.245685287676486,11.86605634015961
3082.3288381541993,-3038.1579220472277,6120.486760201427,-5.072817488922459,13.72565067583402,-18.79846816475647
3129.835601708272,-3132.161169818131,6261.996771526404,-20.6508140997313,44.710634923365966,-65.36144902309725
3176.527400237535,-3228.912104845974,6405.439505083509,-39.25988892975215,83.29281935512607,-122.5527082848782
3224.0474781490007,-3329.165319266515,6553.212797415516,-58.18782918213855,123.21326673996651,-181.4010959221051
3270.857878561516,-3433.183673499779,6704.041552061294,-73.81746944542462,157.72012258266918,-231.5375920280939
3318.375454187422,-3540.6644485406014,6859.039902728023,-84.51467922691467,182.0894965705254,-266.6041757974401
3367.75515134758,-3651.0539345176708,7018.8090858652495,-90.00350816654614,194.2626001537769,-284.266108320323
3418.3308973124213,-3764.534057088213,7182.864954400634,-89.91721855221815,194.1358335631103,-284.05305211532846
3470.610562977599,-3881.814161813567,7352.424724791164,-84.769146131163,182.53147564627582,-267.30062177743883
3526.4115893425374,-4002.280671004027,7528.692260346564,-74.73965193361416,161.0769204972441,-235.8165724308582
3586.8490941760906,-4126.8276154041105,7713.6767095802015,-60.423206901331454,131.5765116571284,-191.99971855845982
3649.614884029538,-4255.33565655734,7904.950540586878,-43.22892736776187,96.3825751427566,-139.6115025105185
3714.903189379474,-4386.906197608761,8101.809386988235,-24.089034394650284,57.818712010711955,-81.90774640536225
3784.602193656687,-4521.551648507696,8306.153842164382,-3.38778380294946,17.821414227358986,-21.209198030308468
3859.21339138841,-4657.8670754551595,8517.080466843569,18.08035847870311,-21.42642836811788,39.50678684682097
3940.812061393762,-4793.494269159796,8734.306330553556,39.906150608441365,-57.81704316845629,97.72319377689762
4030.653166947425,-4928.806597773239,8959.459764720663,61.45644111263898,-90.33903322148537,151.79547433412432
4128.293967329597,-5064.409631361033,9192.703598690627,81.31591709655666,-118.05984805311572,199.3757651496724
4234.330308739607,-5198.268323701991,9432.598632441595,97.61642885606838,-138.8133022292278,236.42973108529608
4346.68484572459,-5331.588725991747,9678.273571716334,107.2779238172085,-150.3659499866666,257.64387380387507
4465.959396792722,-5464.3253827079825,9930.284779500702,107.0060496550839,-150.36124406328568,257.3672937183696
4593.572887586783,-5594.742519762602,10188.31540734938,93.8991196201773,-137.2333855987878,231.13250521896512
4728.0737709099185,-5722.260957597471,10450.33472850739,66.14372370545816,-111.1564791011801,177.3002028066383
4870.471781384992,-5846.531487744181,10717.00326912917,22.983901611094552,-73.75060895662169,96.73451056771627
5022.247041449069,-5966.096423029353,10988.343464478421,-35.86051776948224,-27.662212865235702,-8.198304904246482
5182.670630361383,-6079.8218966636205,11262.492527025,-110.67600870674801,25.15583447576397,-135.8318431825119
5350.828336338094,-6188.627516709067,11539.455853047159,-203.01996877314,84.70695829528563,-287.72692706842565
5528.628351145165,-6292.377807167063,11821.006158312219,-317.2872218574104,151.071973928185,-468.3591957855954
5715.478870483016,-6391.299339266371,12106.77820974938,-456.40310189888913,224.530244488905,-680.9333463877941
5909.667420927749,-6485.4439247137625,12395.11134564151,-621.9471970401337,304.5224387180027,-926.4696357581364
6111.860893386164,-6573.100770508134,12684.96166389429,-815.8516274985908,388.3087964323265,-1204.160423930918
6322.175617906374,-6653.484081176274,12975.659699082642,-1038.500047214159,473.1560849322377,-1511.656132146397
6539.714622034211,-6726.669914766347,13266.38453680055,-1287.805155705399,556.8450493721366,-1844.650205077536
6764.127761284103,-6793.188458052799,13557.316219336899,-1561.261067291142,637.7633247356256,-2199.024392026769
6997.5735198830835,-6852.253264462533,13849.82678434561,-1858.4276041490539,712.8239117260847,-2571.251515875139
7238.603657674051,-6903.948477066939,14142.552134740981,-2173.573742522429,780.3708865225765,-2953.944629045006
7486.325673191321,-6949.693652765224,14436.01932595654,-2501.436959430974,840.9018021841243,-3342.338761615099
7741.760129279161,-6988.382880233413,14730.143009512569,-2839.757127771388,892.1571435832684,-3731.914271354657
8004.290184848128,-7019.861860367112,15024.152045215233,-3185.450221316321,933.625895903735,-4119.076117220056
8272.40334439285,-7045.698826119919,15318.102170512759,-3535.825524148549,967.4035121800604,-4503.22903632861
8544.260351595389,-7066.486142352406,15610.74649394779,-3888.8477386369927,994.406009862554,-4883.253748499547
8820.882849914027,-7081.79001073374,15902.672860647759,-4246.478567473467,1014.198833455016,-5260.677400928484
9102.69551324059,-7091.62653930352,16194.3220525441,-4609.2933202485965,1026.870659107212,-5636.163979355811
9389.752974080047,-7096.753027681228,16486.50600176127,-4976.048779007067,1033.4356415077891,-6009.484420514857
9682.679553493945,-7096.646396861624,16779.32595035556,-5345.070835745255,1033.334850431745,-6378.4056861770005
9979.172422053809,-7091.059659085453,17070.23208113925,-5710.876373002087,1026.478800717486,-6737.355173719575
10278.67324763662,-7079.511524838996,17358.18477247561,-6070.805321986532,1012.658509992742,-7083.4638319792775
10581.945371432621,-7062.520163510226,17644.465534942843,-6424.608469488528,992.8701395091188,-7417.478608997649
10888.154237620842,-7041.242523599985,17929.396761220818,-6770.306749862231,968.8919031966926,-7739.198653058926
11197.59763771278,-7015.767342388379,18213.36498010116,-7106.24895694388,941.2761828245956,-8047.525139768479
11510.01504490415,-6986.560470047937,18496.57551495208,-7428.270951778528,911.2258847470799,-8339.49683652561
11823.84359330555,-6954.1677192463685,18778.01131255192,-7729.818270653658,880.1513479985324,-8609.969618652194
12137.55969435937,-6919.098325596915,19056.65801995628,-8005.746058371682,849.3653432522415,-8855.111401623926
12451.50437808367,-6881.605314593039,19333.10969267671,-8255.022234488024,819.6384251229489,-9074.660659610976
12765.40929062574,-6842.088811574445,19607.49810220018,-8477.118966702714,791.7244215211281,-9268.843388223844
13077.257303300921,-6800.7727889845455,19878.03009228547,-8669.02361045804,766.349795914096,-9435.37340637214
13386.34639872791,-6757.953517861348,20144.29991658925,-8828.392776047434,744.3147412272094,-9572.707517274646
13693.307580752671,-6713.387293328294,20406.69487408096,-8955.938327035,725.8558747760227,-9681.794201811026
13999.66850618174,-6666.6566418701095,20666.325148051852,-9054.709428137874,710.8359612744043,-9765.545389412282
14305.755194781399,-6617.182323731276,20922.93751851268,-9126.392008503575,699.3264556486985,-9825.71846415228
14612.581903734183,-6564.805908908109,21177.38781264228,-9171.199172247025,691.7226374221467,-9862.921809669177
14920.76527443174,-6509.92872202521,21430.69399645695,-9190.276945226862,688.3757495930887,-9878.652694819955
15228.787874532209,-6452.763615401991,21681.551489934198,-9185.856252992948,689.234809372595,-9875.091062365547
15535.537408127218,-6393.836989463774,21929.374397590993,-9159.630426830769,694.3055703427499,-9853.935997173521
15841.0173520108,-6332.9085656577245,22173.92591766852,-9111.472127349496,703.9593917138874,-9815.431519063388
16147.006126708191,-6269.658679581413,22416.66480628959,-9040.179523699173,718.7304077378633,-9758.90993143704
16453.28049535139,-6204.726768964767,22658.00726431615,-8945.707064669414,738.7863120504953,-9684.493376719916
16758.50173433582,-6138.5015792647855,22897.003313600602,-8830.259490181536,763.8611151467675,-9594.120605328308
17062.88326372676,-6070.894949337877,23133.77821306463,-8698.190307076075,793.2131657937886,-9491.40347286987
17366.85564103644,-6001.967514297102,23368.82315533354,-8555.807476596437,825.5064689556416,-9381.313945552083
17670.819154274082,-5931.47326004309,23602.29241431716,-8409.709089650332,859.390009970497,-9269.099099620837
17975.5916925639,-5859.415858475086,23835.00755103897,-8263.710039389736,893.9074671879688,-9157.61750657771
18280.871332032682,-5786.190738171546,24067.062070204218,-8117.017039044095,929.096040702594,-9046.113079746696
18586.31573961669,-5711.4991737252585,24297.81491334194,-7963.163809202508,966.7340466611844,-8929.897855863697
18892.02714975868,-5635.687553790577,24527.714703549256,-7791.220751940461,1009.382658816494,-8800.603410756961
19196.572143614198,-5560.229121559556,24756.80126517375,-7589.1012300111315,1059.443997820304,-8648.545227831442
19500.447348774433,-5484.680388602838,24985.12773737726,-7343.9770054595165,1120.431353409396,-8464.408358868917
19804.26936822403,-5408.703511117699,25212.97287934172,-7046.513168828697,1194.807559407913,-8241.320728236615
20107.76495294344,-5332.631631526314,25440.39658446974,-6693.217381867729,1283.3892511287559,-7976.6066329964915
20412.30847525767,-5255.274760940844,25667.5832361985,-6283.461378408323,1387.5349890799978,-7670.9963674883265
20717.51105694982,-5176.640430900265,25894.151487850067,-5821.604937681899,1506.5614636045111,-7328.166401286418
21022.76036473113,-5097.649420267975,26120.40978499909,-5313.822296696193,1637.960266578526,-6951.782563274724
21328.49333129484,-5018.861535673517,26347.35486696834,-4766.656692163161,1778.949556427078,-6545.606248590244
21634.46953160633,-4940.743285249126,26575.21281685545,-4189.542697483584,1926.2736645677749,-6115.816362051363
21940.86132063405,-4863.376807239449,26804.23812787349,-3591.416609508232,2077.29482513328,-5668.7114346415165
22248.16833389194,-4786.82905214817,27034.997386040097,-2978.169227928913,2230.038771579591,-5208.207999508509
22555.39849337379,-4711.251308781666,27266.64980215544,-2354.968358130108,2383.339509000934,-4738.307867131048
22860.25883711896,-4637.303501188651,27497.56233830761,-1726.872359112004,2535.6801974377818,-4262.552556549792
23164.22624448869,-4563.978343550136,27728.204588038818,-1089.910422660105,2689.33878956733,-3779.24921222744
23469.104053303712,-4490.76403847474,27959.868091778444,-438.3214277542049,2845.798118755305,-3284.1195465095147
23774.2643253481,-4418.694927937575,28192.95925328567,230.2205070128502,3003.6695752518517,-2773.449068239007
24079.40553794249,-4347.473538728348,28426.87907667082,919.431765349228,3164.523776239267,-2245.092010890045
24385.128064338063,-4278.163938168109,28663.29200250616,1634.083332681822,3326.468343402638,-1692.385010720822
24690.656876174067,-4211.815912132614,28902.47278830668,2373.447275183044,3486.978581979342,-1113.531306796304
24997.604948675307,-4146.450078919161,29144.055027594466,3140.3687916131817,3650.293778685591,-509.92498707241486
25306.048490495094,-4082.051042372325,29388.099532867403,3931.333791749588,3815.402348798178,115.9314429514052
25614.55118948186,-4019.598280333818,29634.149469815668,4738.55202255159,3978.796783837472,759.7552387141135
25924.53365840425,-3958.9389202291713,29883.472578633417,5563.11854710205,4140.125796701418,1422.992750400626
26235.377355908644,-3900.5922255869605,30135.969581495585,6403.731771452529,4297.885326524871,2105.846444927654
26547.46014689381,-3844.5761819406202,30392.03632883442,7263.890103420796,4452.236338303299,2811.653765117492
26860.14030054559,-3791.016759847594,30651.157060393183,8144.875111137992,4603.102823481946,3541.772287656042
27172.91623920758,-3739.894658882707,30912.810898090283,9048.133033692317,4750.689429431392,4297.443604260918
27485.32730687618,-3691.604730293753,31176.932037169932,9974.747090956158,4893.8562209749825,5080.890869981169
27797.184411487997,-3646.479090193882,31443.66350168187,10926.974007949399,5031.5703426156015,5895.403665333795
28110.604160292394,-3604.207253609581,31714.811413901967,11914.51275427283,5164.686531792414,6749.8262224804075
28425.17190059467,-3565.685729592025,31990.85763018669,12937.93634444353,5289.888432293132,7648.047912150396
28740.97193909024,-3531.092198477058,32272.064137567286,13995.70778478148,5405.686967636359,8590.02081714511
29058.35736790899,-3499.3298175990963,32557.687185508083,15082.20378681316,5514.377540819865,9567.826245993288
29376.39403288893,-3470.612428380899,32847.00646126982,16184.629045314061,5613.898855690079,10570.730189623979
29696.482524201463,-3445.6631678575372,33142.14569205899,17298.12959687729,5700.692399502175,11597.43719737511
30017.124638699486,-3424.856888881538,33441.98152758103,18410.5618728027,5772.894574826352,12637.66729797634
30337.42094354834,-3406.449434787279,33743.87037833561,19516.795382953693,5836.472466455026,13680.32291649866
30658.63496248209,-3389.417830304906,34048.052792786984,20624.92207693008,5895.224976406086,14729.697100523992
30979.418833407348,-3375.272488483439,34354.69132189079,21738.1244550958,5944.281474185996,15793.8429809098
31300.551134742203,-3364.507238210844,34665.05837295303,22868.3148846654,5982.118765519882,16886.196119145512
31623.741337272564,-3355.885229089345,34979.62656636191,24029.9807990187,6013.082310235611,18016.89848878308
31949.57768786585,-3348.254706519603,35297.83239438546,25231.64569906503,6041.2016593436465,19190.44403972137
32278.42230303614,-3342.0583658769874,35620.48066891313,26477.025155861153,6064.615560609126,20412.40959525201
32608.861353229502,-3338.878369096386,35947.73972232589,27758.2341330097,6076.863930911927,21681.37020209777
32941.24784737587,-3338.6440822856657,36279.891929661535,29069.765786335152,6077.761928136348,22992.00385819879
33278.2099856011,-3338.786173529082,36616.99615913018,30411.035887349088,6077.200831596747,24333.83505575233
33619.49015892698,-3338.5063549475262,36957.99651387451,31767.01923376398,6078.315164512414,25688.70406925156
33963.02050708213,-3338.9710500675033,37301.991557149646,33115.97573854319,6076.508579864294,27039.46715867889
34307.79088972025,-3341.3504487717155,37649.14133849198,34446.53571093774,6067.3736719830395,28379.162038954688
34654.585515803665,-3344.641977102093,37999.22749290577,35764.35346528212,6054.855407394258,29709.49805788786
35004.46204722139,-3347.166389998839,38351.62843722024,37086.40766565264,6045.3172912535,31041.09037439913
35357.28102684912,-3349.6103623597746,38706.891389208904,38433.46766529918,6035.977070189567,32397.49059510962
35710.45800146105,-3352.752198072181,39063.210199533234,39821.66043107764,6023.5936132663455,33798.0668178113
36062.41829468087,-3357.288155824246,39419.70645050512,41268.23826560726,6004.851770795154,35263.38649481211
36416.03374037392,-3362.347165153135,39778.38090552707,42794.810986918885,5983.058652640225,36811.752334278666
36772.53685140537,-3368.2534176728245,40140.790269078214,44395.52801228981,5956.450621820602,38439.07739046922
37129.56885639441,-3375.332550715668,40504.9014071101,46031.85903412889,5924.008024580326,40107.851009548576
37486.99346352187,-3382.549413909663,40869.54287743155,47672.00023081783,5890.8953038111495,41781.10492700669
37847.39098155763,-3389.645759930222,41237.03674148787,49306.22719247803,5858.702032454438,43447.5251600236
38209.665744699014,-3397.305457125722,41606.97120182475,50923.286581891676,5824.543837529426,45098.742744362266
38572.41486563244,-3405.0297314947356,41977.444597127185,52523.76727577896,5790.44862199207,46733.318653786904
38935.813757236385,-3412.2360529456605,42348.04981018206,54122.65335530673,5758.740498032843,48363.912857273885
39301.142243994764,-3419.5745073564253,42720.71675135121,55741.69827713572,5726.224992129815,50015.473285005915
39667.713174261065,-3426.9585841618577,43094.67175842294,57393.03179513174,5692.948594061127,51700.083201070614
40033.22930358775,-3434.269131917027,43467.4984355048,59078.86180067444,5659.2505882047335,53419.61121246972
40398.25666352488,-3441.0347142053442,43839.291377730246,60809.553210618615,5627.187689964884,55182.36552065373
40763.78155790525,-3446.7818817579714,44210.563439663245,62591.303309633826,5599.225985751728,56992.07732388211
41129.64858612036,-3452.006011533781,44581.65459765416,64417.16691836211,5573.140395809669,58844.02652255246
41494.9525933361,-3456.7518191382424,44951.70441247436,66270.40024410882,5549.088064674579,60721.31217943425
41859.52418014427,-3460.028107985495,45319.552288129766,68137.36984710902,5532.321791831118,62605.048055277926
42223.82575858825,-3462.35152691104,45686.177285499296,70014.12438789867,5520.35580628309,64493.76858161559
42587.94451512954,-3463.4284894430125,46051.37300457257,71904.08859722619,5514.790558856071,66389.29803837015
42951.062137404864,-3463.134829147516,46414.19696655238,73812.13340134568,5516.348103865474,68295.78529748025
43313.755937054484,-3461.929876894935,46775.685813949436,75751.12572861674,5522.818131409943,70228.30759720683
43677.03340828628,-3458.919544275632,47135.952952561915,77734.40234739387,5539.329945056282,72195.0724023376
44038.780390409134,-3456.044401953639,47494.824792362786,79756.52127042464,5555.305735806042,74201.21553461862
44397.948234899384,-3454.657644643424,47852.60587954281,81815.83109803086,5563.250088550469,76252.58100948043
44755.56012977947,-3452.2732754069093,48207.833405186386,83919.05524919763,5577.354200091573,78341.70104910608
45112.156811180546,-3450.439473983644,48562.596285164196,86068.27677565014,5588.288788116235,80479.98798753392
45468.86603091039,-3449.8929279758336,48918.75895888622,88268.20459533528,5591.683678366227,82676.52091696908
45825.192585536366,-3447.4734275128553,49272.66601304923,90509.92158326863,5606.990032979423,84902.93155028923
46179.368665453694,-3443.622954556459,49622.99162001014,92767.40332987656,5631.530617280236,87135.87271259635
46532.25692019139,-3441.3510685394062,49973.60798873081,95022.34332177998,5646.064405074816,89376.27891670518
46885.049933418915,-3437.16346412872,50322.213397547646,97257.76789563824,5672.453477379555,91585.31441825873
47237.45344343787,-3431.0956352095222,50668.549078647404,99456.26051942084,5710.39223400718,93745.86828541367
47590.80156210478,-3425.661186994646,51016.46274909945,101624.5846310381,5743.699825821609,95880.88480521656
47943.186409013084,-3415.7658183615385,51358.952227374626,103763.0383615625,5803.671915583311,97959.36644597922
48293.09159206544,-3403.3196733634227,51696.41126542888,105882.417572353,5879.048154841615,100003.3694175114
48641.90425242108,-3390.4303574480105,52032.3346098691,108010.4173948434,5957.731674667288,102052.68572017609
48987.10511991104,-3375.112067881433,52362.21718779248,110139.5914203529,6052.251174497887,104087.340245855
49331.6892569012,-3359.4749262692358,52691.16418317045,112278.0828500361,6149.292476943648,106128.7903730925
49673.73741754689,-3342.162091407547,53015.899508954455,114383.6363591703,6255.724182875368,108127.912176295
50008.28695607488,-3324.162380117977,53332.44933619288,116382.132286355,6363.439968531646,110018.6923178234
50338.22601192405,-3308.3194537367767,53646.54546566085,118249.8636642123,6453.202229742461,111796.6614344699
50661.989631466466,-3293.12236457099,53955.11199603749,119958.2920386724,6533.380600591059,113424.91143808141
50974.63829170365,-3279.1833300188423,54253.82162172251,121501.3884450673,6602.293930439932,114899.0945146274
51283.4892554197,-3265.3557562380984,54548.84501165781,122981.720660615,6668.572263228609,116313.14839738651
51593.07000193738,-3251.757502344773,54844.827504282155,124524.0351134692,6736.1038775103125,117787.931235959
51895.14007990746,-3238.946251745463,55134.08633165294,126177.4084533096,6806.433717551886,119370.9747357577
52187.2812736623,-3227.497224327683,55414.77849799,127958.8478148718,6875.730697061943,121083.1171178099
52469.05460905794,-3218.101204230788,55687.15581328874,129843.2635601192,6938.555872834861,122904.70768728439
52740.410832980364,-3210.407539270657,55950.81837225104,131788.5781676651,6993.434886484726,124795.1432811804
53008.13564891865,-3204.082358716052,56212.218007634714,133786.6091546801,7040.64587531815,126745.963279362
53264.85460726648,-3197.998437200979,56462.85304446749,135701.949221752,7086.041906501468,128615.9073152506
53502.600968290564,-3193.393476519117,56695.99444480972,137405.7014628317,7119.25000422614,130286.4514586056
53725.506333469115,-3189.7430069230486,56915.249340392176,138916.4149377247,7143.933477587013,131772.4814601377
53945.54002055632,-3185.8482746863147,57131.388295242665,140356.1574243437,7169.419036314147,133186.7383880296
54164.507335168535,-3181.328875535214,57345.83621070378,141801.6242565422,7199.324350880972,134602.29990566132
54365.209959340165,-3177.5925792796834,57542.80253861987,143178.55711848062,7224.7754324513135,135953.7816860293
54542.50039966733,-3174.404329394104,57716.904729061476,144444.0510681395,7247.645866107779,137196.4052020317
54707.359762913096,-3169.376954148368,57876.73671706148,145641.58732583,7284.17116653217,138357.4161592978
54867.213151506534,-3162.152413124254,58029.3655646308,146788.42837086722,7335.871053340028,139452.55731752721
55013.89627881539,-3153.17975995471,58167.07603877013,147801.775197965,7397.655017460566,140404.12018050448
55151.540322151086,-3141.471189930965,58293.01151208207,148699.0014830584,7473.543386620589,141225.4580964378
55284.13335399616,-3126.867988252696,58411.00134224888,149517.9862500861,7563.552500317304,141954.4337497688
55417.13216825869,-3110.4802335665636,58527.612401825274,150315.15670916322,7661.766614746868,142653.3900944163
55543.33890822207,-3092.2199691501237,58635.5588773722,151072.3704435671,7771.429442756297,143300.9410008108
55653.94476876959,-3071.967677621216,58725.91244639082,151745.6515626585,7894.78792279391,143850.8636398646
55764.433467701485,-3048.781612453681,58813.215080155176,152429.3664586634,8038.324987968122,144391.0414706953
55876.126727800234,-3024.111113903894,58900.23784170414,153136.4184790809,8194.509361142975,144941.9091179379
55981.84943923608,-2998.7186470714196,58980.56808630751,153825.6855254143,8360.2539858359,145465.4315395784
56072.239027205345,-2971.811818973319,59044.050846178674,154427.4712681875,8539.54658309311,145887.9246850944
56146.271596505,-2942.9253369823055,59089.196933487314,154922.569701719,8732.670647007059,146189.8990547119
56214.95691872737,-2912.196798058877,59127.15371678625,155381.25829143892,8937.883491781195,146443.3747996577
56282.07162788737,-2880.985643946602,59163.057271833975,155835.7581086036,9149.306376086122,146686.4517325175
56348.838442501175,-2850.471232762535,59199.30967526372,156303.51923775472,9362.910989636608,146940.6082481181
56417.23467963569,-2819.678206606643,59236.91288624235,156801.9754359386,9587.430741690943,147214.54469424768
56489.2160282241,-2784.9301884776696,59274.146216701774,157341.9970430319,9848.227988728237,147493.7690543037
56563.18543332688,-2747.570632320019,59310.75606564691,157900.1922541987,10130.149123664642,147770.0431305341
56634.8453964633,-2711.160255313837,59346.00565177714,158432.6604918704,10400.69322798718,148031.9672638832
56702.52744173744,-2676.2030589638503,59378.7305007013,158925.71957137669,10655.3228588049,148270.3967125718
56722.832940928965,-2685.221448492177,59408.05438942115,159071.0893365938,10587.20230398616,148483.8870326077
56743.910728860974,-2693.251814525472,59437.16254338645,159237.5703402509,10534.64809863366,148702.9222416173
56809.104097544834,-2660.869222660575,59469.97332020543,159754.059971799,10790.47833256985,148963.5816392292
56870.921778459786,-2632.4263890429747,59503.34816750277,160270.7236089352,11028.34557721414,149242.3780317211
56930.58224639352,-2605.253092676509,59535.835339070036,160788.2640399452,11263.956743243401,149524.30729670188
56987.03861349518,-2580.658034317573,59567.696647812765,161285.310279562,11480.4901830959,149804.8200964661
57040.21483360183,-2556.069247058569,59596.28408066041,161752.23592789972,11696.32660965485,150055.9093182449
57091.02414109097,-2527.370281013067,59618.39442210407,162191.6283765169,11944.161611416828,150247.4667651001
57141.90287940296,-2491.733205545419,59633.6360849484,162617.87676610769,12242.24766934272,150375.629096765
57199.09601859607,-2446.984261582154,59646.08028017825,163069.8011916482,12595.393253316059,150474.4079383322
57266.794519751,-2391.5019159492513,59658.29643570027,163555.47832473,12993.115768749709,150562.3625559803
57345.90111885329,-2325.0180172198943,59670.919136073215,164054.6074974991,13412.240192778721,150642.3673047205
57439.10340572128,-2249.435927313807,59688.5393330351,164565.6468622875,13827.86145093404,150737.78541135348
57547.14193616003,-2165.48437457022,59712.62631073027,165105.87993598368,14247.67769720943,150858.2022387743
57671.184911905475,-2068.214529800365,59739.39944170588,165734.21349473382,14740.5795532168,150993.63394151698
57808.08187880287,-1966.9996706982488,59775.081549501156,166525.0606058598,15321.58297157065,151203.4776342892
57958.57201016166,-1860.818926785543,59819.390936947224,167578.6241887284,16066.448969498191,151512.1752192303
58128.21640850012,-1734.391654357635,59862.60806285778,168953.2501907535,17092.81491747655,151860.435273277
58308.611185723705,-1591.0090764648112,59899.620262188524,170524.0260725838,18342.04611827666,152181.9799543072
58496.2463455938,-1432.424293239097,59928.670638832904,172177.2529620153,19739.09142881464,152438.1615332007
58694.47872421077,-1255.036220415241,59949.514944626026,173887.6209243417,21268.95136546833,152618.6695588734
58901.194223818464,-1060.790323830548,59961.984547649015,175604.8512404126,22881.811469116332,152723.03977129632
59119.95239843175,-850.7770266049469,59970.7294250367,177312.9230577731,24521.550557447208,152791.372500326
59350.61091770362,-626.2081871142058,59976.81910481784,178953.2827400571,26117.413098414458,152835.86964164278
59592.10341921332,-391.5201544353695,59983.623573648714,180471.7159648182,27594.419139850907,152877.2968249674
59847.168339126154,-154.5318607975702,60001.70019992372,181911.6217025016,28934.06882154564,152977.5528809561
60113.76945660128,82.18894710628554,60031.580509495,183347.0355144018,30208.675810510267,153138.3597038916
60395.10676987146,325.9834331801975,60069.12333669128,184888.1922163793,31543.90330175672,153344.2889146227
60692.37626543308,580.2545281924772,60112.12173724062,186582.2912284226,32992.870595159286,153589.4206332634
61007.97375559,847.3884299110515,60160.58532567896,188431.1426704741,34557.714131000495,153873.42853947368
61345.34733350523,1130.224677799906,60215.12265570535,190430.1703326268,36233.58049831367,154196.5898343133
61697.92623511206,1421.735783884675,60276.190451227405,192533.64096229858,37972.64737238753,154560.9935899111
62066.565065679024,1721.191509800466,60345.37355587858,194756.61949176423,39778.36011840496,154978.2593733593
62451.56840073412,2029.356935778333,60422.21146495582,197124.92891994058,41673.79333616083,155451.1355837799
62838.00362039006,2333.637785653349,60504.36583473673,199594.24439577071,43617.757246818765,155976.487148952
63221.76767565463,2632.129759863472,60589.63791579117,202189.626807913,45636.180827008604,156553.4459809044
63615.161552262674,2936.6822560822243,60678.47929618048,204990.6541089811,47804.62383291597,157186.03027606528
64022.154881443494,3252.2628138260775,60769.89206761745,207926.5151643552,50081.047070753586,157845.4680936017
64437.19385410456,3575.9590621015705,60861.23479200303,210802.1374096557,52323.50277416316,158478.6346354926
64854.81433335254,3904.11311245765,60950.70122089492,213452.6965719062,54405.812517802035,159046.8840541043
65269.499841950084,4232.942594698959,61036.55724725116,215791.879813395,56260.05402316961,159531.8257902255
65679.5007764138,4563.3627541302285,61116.138022283616,217829.73450059237,57901.25613674947,159928.4783638431
66080.43187277412,4892.774792033244,61187.65708074093,219593.78917815577,59349.89154309575,160243.8976350601
66475.19010454636,5223.9036035559975,61251.2865009904,221099.14184048577,60611.33752420222,160487.80431628358
66869.96800777878,5562.188803424831,61307.77920435398,222284.270597252,61625.30627146403,160658.964325788
67269.40442457814,5911.318254790612,61358.08616978758,223067.9092929413,62308.309487639104,160759.5998053023
67666.43009303926,6263.34776500959,61403.0823280297,223562.341061228,62746.425885167824,160815.91517606028
68050.00429574572,6606.220575702365,61443.78372004338,224167.1307565024,63287.72488108048,160879.40587542212
68425.87786056865,6944.850974815728,61481.02688575294,225392.5683404911,64393.301142346136,160999.2671981451
68800.58679395559,7284.266696929882,61516.320097025724,227522.4960921634,66323.22068315344,161199.2754090101
69182.59028340298,7632.828079845219,61549.76220355777,230504.2139471139,69045.59802121768,161458.6159258963
69572.25613292857,7990.017383823304,61582.23874910527,233946.5697162166,72200.97469041671,161745.5950258
69963.76058187148,8348.46664493559,61615.29393693589,237371.2748440275,75336.54078065732,162034.7340633703
70359.24080787317,8709.110079781263,61650.13072809192,240509.2148457941,78198.79302180494,162310.4218239893
70758.7434479144,9071.300804885708,61687.44264302871,243255.8500931702,80689.29442685863,162566.5556663117
71161.03700816915,9433.83232746223,61727.20468070693,245638.69538338398,82837.22355886706,162801.4718245171
71565.46257209065,9795.361745445529,61770.100826645124,247791.5011936623,84761.9650133947,163029.53618026778
71971.26496525845,10156.15703671011,61815.10792854834,249894.1739986505,86631.40889787053,163262.7651007802
72378.3816530607,10517.396653101609,61860.9849999591,252106.4466176023,88594.33966271607,163512.1069548865
72786.46709521602,10879.074706626709,61907.392388589324,254514.0450068791,90728.09505888078,163785.9499479985
73193.47460760879,11241.217439101942,61952.25716850685,257135.637967344,93061.16482475678,164074.4731425875
73597.98555728441,11602.892982498592,61995.09257478582,259975.43290589968,95600.282020119,164375.15088578098
74001.66980627872,11963.818246152741,62037.85156012599,263029.1065052137,98330.46861353586,164698.6378916781
74404.84179524197,12325.13229953513,62079.70949570685,266215.61803350376,101186.2441148866,165029.37391861732
74806.47899931253,12686.13568494456,62120.34331436798,269392.0860764557,104041.3411040364,165350.7449724195
75207.37491826063,13046.338920460621,62161.03599780001,272449.8961042591,106788.8097929449,165661.0863113145
75607.58967638215,13406.03501222383,62201.55466415832,275346.1716049333,109391.79809158,165954.37351335358
76007.55695706063,13764.84571800169,62242.711239058925,278103.8508129833,111865.85192889471,166237.9988840889
76407.91281238676,14122.43135487791,62285.481457508846,280782.5098198332,114258.3851309547,166524.12468887868
76807.88125522861,14478.850505105132,62329.030750123486,283453.2144572086,116638.28813527699,166814.9263219317
77206.75261818178,14833.518808386718,62373.233809795056,286202.8401006547,119083.10545664631,167119.7346440086
77605.11738952318,15187.025025071569,62418.09236445161,289107.8067351365,121660.9177121393,167446.88902299732
78001.90982071756,15540.2014297861,62461.708390931446,292148.5435583421,124367.5872506225,167780.9563077198
78394.68503835388,15890.51373265801,62504.171305695876,295191.66771966056,127081.7497073557,168109.918012305
78785.63264455955,16238.71165054641,62546.92099401313,298113.1426066745,129683.7588047064,168429.38380196822
79176.4383988413,16586.82893573331,62589.60946310799,300865.1043999196,132135.114362675,168729.99003724472
79566.70715479256,16934.79785036809,62631.90930442447,303479.6827274875,134466.2686796225,169013.4140478651
79956.8655589055,17282.738182198493,62674.127376707,306026.3520070667,136737.3803369676,169288.97167009918
80346.65350125705,17629.01508876689,62717.63841249017,308554.4608142079,138983.2775994781,169571.18321473
80734.79869980949,17972.792256602792,62762.00644320669,311091.9280585574,141230.6948308014,169861.2332277561
81122.258758454,18316.411353538482,62805.8474049155,313674.2452827863,143520.8557427734,170153.3895400131
81509.4718409564,18659.50228345963,62849.96955749675,316322.2477293338,145867.0570025429,170455.1907267911
81893.78455398003,18999.92080618934,62893.863747790674,319022.2553181775,148258.74021957608,170763.5150986016
82275.73124314411,19338.56603886874,62937.16520427536,321776.0685844473,150700.3268865503,171075.7416978972
82655.20094321355,19675.54284382577,62979.65809938777,324580.2340609569,153190.555582356,171389.6784786011
83030.62509101,20009.850129526392,63020.774961483585,327419.3964854138,155718.779344845,171700.6171405689
83401.62059316643,20340.55824184669,63061.062351319684,330282.75032274076,158271.2107972102,172011.5395255308
83768.98449184651,20667.45871746857,63101.52577437793,333168.2194892897,160838.8076128833,172329.4118764066
84132.42676680288,20989.597976832843,63142.82878997003,336069.4722190738,163410.31965884438,172659.15256022962
84489.12968427429,21305.39196266686,63183.737721607424,338967.4597763267,165975.9556190704,172991.5041572564
84839.78054160245,21615.61341547529,63224.16712612715,341875.1126188973,168548.3327658827,173326.7798530148
85183.3641214463,21919.17109501046,63264.19302643582,344783.9639091167,171118.3078744694,173665.6560346475
85518.03807971407,22214.35451722539,63303.68356248867,347664.6342197211,173659.0446264757,174005.5895932455
85843.78561855455,22501.22331727027,63342.56230128428,350493.8127300692,176150.55315986052,174343.25957020881
86159.15126211716,22778.33755275792,63380.81370935924,353238.0768631153,178561.962188091,174676.1146750244
86466.43813338298,23046.98333388096,63419.45479950201,355905.52241517615,180893.991540021,175011.5308751553
86765.50062916032,23306.403890943184,63459.09673821716,358491.36759190424,183137.09546317012,175354.2721287343
87054.24386102245,23554.24787529683,63499.995985725625,360977.1326828844,185270.7897834057,175706.3428994789
87332.66957783201,23790.519061142557,63542.15051668947,363361.68243885314,187294.3458675583,176067.336571295
87600.39915805013,24015.59822952785,63584.80092852229,365640.2778316666,189209.9738170618,176430.3040146049
87858.96230091758,24230.387215053397,63628.5750858642,367826.6017125532,191026.207099742,176800.39461281142
88108.54803411898,24436.092630893378,63672.45540322561,369923.3975831101,192754.3543989475,177169.04318416282
88347.37247544779,24632.44843056689,63714.92404488093,371913.49205327523,194390.590718979,177522.90133429642
88576.20097268383,24819.95294889518,63756.24802378869,373798.345395527,195935.057436899,177863.2879586281
88797.71423353098,25000.47629602131,63797.237937509686,375598.49731703714,197402.157464089,178196.3398529483
89011.48973114302,25172.87730612276,63838.612425020285,377317.4946974201,198788.4818164041,178529.0128810162
89216.84087937637,25336.774807498932,63880.066071877474,378963.8415147942,200102.4784768809,178861.3630379135
89412.20190956582,25491.2146269902,63920.98728257566,380539.50242820464,201348.069105983,179191.4333222218
89599.33000074234,25636.30425059519,63963.02575014718,382067.795014834,202532.89507203622,179534.89994279802
89777.6064787195,25770.95277537069,64006.65370334883,383542.94199908315,203646.9719389758,179895.9700601075
89944.21738776645,25894.72416876243,64049.49321900402,384933.73053512326,204680.14110428307,180253.5894308404
90103.24310021226,26011.82858089978,64091.41451931249,386264.87817269255,205660.3804526775,180604.49772001532
90255.4239815354,26123.710166804434,64131.713814730974,387537.30275452073,206595.8503187794,180941.4524357415
90400.08795098524,26228.930340972,64171.15761001322,388744.14367498923,207473.6485572595,181270.49511772988
90536.66717871698,26326.9834832427,64209.683695474276,389881.6343573486,208290.27739380443,181591.35696354441
90663.97956125227,26416.82482107689,64247.15474017537,390941.0829607357,209037.9083652084,181903.1745955275
90784.01436518227,26499.143795062988,64284.870570119274,391941.2782407195,209723.8238633595,182217.4543773602
90899.09190604178,26576.388965100567,64322.7029409412,392908.56847186596,210373.05907582308,182535.50939604308
91009.53598079113,26648.94085185486,64360.59512893625,393856.95800483425,210995.9751654746,182860.9828393597
91115.22787297994,26716.6033820717,64398.62449090822,394793.4498401548,211595.3438149862,183198.1060251688
91215.56452402427,26777.675132381068,64437.88939164321,395710.3246464213,212153.1381846611,183557.1864617604
91311.53610968064,26833.833332752383,64477.702776928265,396607.04304780037,212677.8502196923,183929.1928281082
91404.00347995812,26885.99563648305,64518.007843475076,397481.5769933744,213171.1161736162,184310.46081975827
91493.7902285632,26934.69652450064,64559.09370406255,398336.3667751619,213634.7581466213,184701.6086285409
91581.51579840707,26981.51158108239,64600.004217324655,399174.98310265655,214082.27712075488,185092.7059819018
91666.0469421792,27025.7711955532,64640.27574662599,399984.10876976175,214505.92731824372,185478.1814515182
91748.11994750732,27068.455466095682,64679.66448141162,400766.28607690963,214912.7254278357,185853.5606490741
91827.24610728252,27108.21240667122,64719.0337006113,401511.2550214763,215287.13592721513,186224.1190942613
91902.02221405877,27141.39329937704,64760.62891468171,402200.93808601255,215593.54430309442,186607.39378291828
91973.93822945477,27166.14226601292,64807.79596344184,402846.8574623804,215816.32586243577,187030.5315999447
92043.66815561368,27179.74886376208,64863.9192918516,403457.85393249657,215936.1867878398,187521.6671446569
92110.41552615317,27183.30356604586,64927.111960107286,404033.6981098151,215966.96894378102,188066.7291660341
92172.50223452598,27192.06204448784,64980.44019003813,404567.69626830315,216042.4158828952,188525.280385408
92226.92894613152,27217.111400601632,65009.81754552986,405038.6612827006,216259.5901742868,188779.07110841392
92278.14079563296,27252.46237248142,65025.678423151505,405487.1323004523,216569.2511862571,188917.8811141953
92328.27642066844,27287.03271695833,65041.243703710075,405932.98135314323,216876.5527016263,189056.428651517
92375.65101794881,27315.134230948668,65060.516787000095,406364.4780922523,217132.1062084171,189232.3718838352
92423.63809621842,27332.88870621144,65090.74939000695,406816.8176473014,217298.1205330826,189518.69711421878
92474.9424171706,27337.39098732438,65137.55142984617,407320.08203278744,217341.0076975929,189979.0743351947
92529.138815899,27333.47195925226,65195.66685664668,407870.26801624225,217300.9084252945,190569.3595909479
92587.09746207409,27331.28958338439,65255.80787868964,408472.5644798573,217278.5708822797,191193.99359757762
92654.38593621613,27338.018129145334,65316.367807070754,409182.7914933272,217349.9210956477,191832.8703976796
92733.40873978428,27354.01645847542,65379.39228130881,410034.1045063154,217522.7091597939,192511.3953465214
92825.78211800783,27372.955588688797,65452.82652931901,411061.7615146624,217732.817064881,193328.9444497814
92938.6677991438,27388.29472654263,65550.37307260113,412360.2829658753,217908.5673097186,194451.7156561568
93079.17796412064,27402.40677893463,65676.77118518598,414005.7836691818,218073.8116847327,195931.9719844491
93241.85801569908,27422.35865460715,65819.4993610919,415902.9519284322,218306.14448274372,197596.80744568852
93419.15358980732,27452.52282639578,65966.63076341148,417922.16667714657,218648.927490267,199273.2391868796
93607.30381417516,27490.40216935045,66116.90164482468,419993.08713556366,219065.5331877234,200927.55394784032
93801.30291168948,27532.43104752415,66268.87186416532,422052.9680347005,219511.5432926225,202541.4247420781
94002.02789776697,27577.00441809064,66425.02347967633,424118.3316583044,219970.2257094946,204148.10594880988
94211.52337938221,27623.457095921334,66588.06628346085,426221.2606110712,220436.4947369975,205784.76587407372
94429.16195384902,27672.834071242338,66756.32788260665,428364.6623790351,220922.7105823322,207441.9517967028
94658.72447023957,27727.985827772012,66930.73864246755,430595.91934996546,221458.66626592827,209137.2530840371
94901.5689137053,27790.494293545296,67111.07462015997,432946.0667989458,222063.6026858905,210882.4641130552
95157.82115473248,27857.62080999539,67300.20034473707,435438.13047723525,222716.3738565834,212721.75662065172
95423.46461060617,27924.11789908065,67499.34671152548,438047.76407179615,223369.50326859922,214678.260803197
95691.40545653462,27986.386206140083,67705.01925039447,440707.32711683953,223987.4582212796,216719.8688955599
95964.69976337148,28046.674509573568,67918.02525379787,443437.01506258594,224589.61282235192,218847.402240234
96246.1406467868,28105.05796753937,68141.0826792474,446246.49088079634,225172.4899393653,221074.0009414309
96533.01931037946,28158.55077795512,68374.4685324243,449087.94586694404,225702.4877136361,223385.4581533079
96821.6954251044,28206.79306594587,68614.90235915847,451910.5361171024,226174.3725277262,225736.1635893762
97109.55725964539,28249.331738396537,68860.22552124884,454688.1643456586,226585.00758702809,228103.1567586305
97399.4951679467,28286.64452157363,69112.85064637303,457465.18612694717,226942.4213255579,230522.7648013893
97691.88642331297,28319.323793166965,69372.56263014597,460278.4751146768,227256.70987820879,233021.76523646788
97984.58832400443,28347.19348151359,69637.3948424908,463148.05101258523,227529.6442282212,235618.406784364
98280.05947110259,28371.21835450848,69908.84111659406,466128.1121361204,227771.68142944423,238356.4307066762
98578.36466703773,28392.870324119012,70185.49434291865,469224.7677933082,227996.3285967836,241228.43919652462
98877.32554062143,28412.23845210372,70465.08708851764,472390.61781082273,228201.32224270038,244189.29556812218
99176.1196770332,28428.1943117121,70747.92536532103,475569.11548365385,228371.10084597487,247198.0146376788
99477.40850561931,28441.205841118302,71036.20266450096,478740.3225607195,228508.1545292927,250232.16803142673
99782.86478284393,28451.99955401669,71330.86522882718,481906.9443456312,228620.1382744825,253286.80607114872
100094.0159737241,28462.14252383793,71631.87344988617,485116.3566311582,228724.7661699215,256391.5904612366
100411.443997392,28471.78485812733,71939.6591392646,488426.3373716532,228825.20731126462,259601.1300603886
100732.9229787692,28479.922664949063,72253.00031382008,491843.5034608856,228911.6520491141,262931.8514117715
101055.7019543125,28486.667173260983,72569.03478105145,495327.32865075354,228984.3957000243,266342.9329507292
101378.4390725318,28491.4477618368,72886.99131069495,498823.73477883,229036.2042023498,269787.53057648015
101700.0957157184,28493.68591449969,73206.40980121863,502282.6695411718,229060.3662682772,273222.3032728946
102021.74863839801,28494.78032333681,73526.96831506115,505702.65653335466,229071.9836359947,276630.6728973601
102344.7559369084,28496.364600163488,73848.39133674481,509115.582481826,229088.7217693363,280026.8607124897
102667.92151725439,28497.894079312948,74170.02743794136,512539.91700972366,229104.9202277081,283434.9967820157
102991.2656937469,28499.3152879782,74491.95040576863,516002.3314922328,229120.1456922527,286882.1857999801
103315.78438262311,28500.969527467118,74814.8148551559,519528.7539817778,229138.1329596208,290390.62102215714
103640.31588397169,28503.282073360737,75137.03381061088,523111.70111252024,229163.7107786114,293947.9903339089
103963.0124802007,28507.221922846733,75455.79055735393,526726.2973939236,229207.923491368,297518.3739025558
104283.8728154302,28513.445129153683,75770.42768627648,530358.3220175111,229278.42203842898,301079.8999790824
104603.57064757349,28521.906835688013,76081.66381188546,533996.3027829125,229374.726936069,304621.5758468437
104920.50741170971,28531.81686755268,76388.69054415693,537604.4026436358,229487.54107099422,308116.8615726418
105233.73883485711,28542.00766639518,76691.73116846186,541158.756215486,229603.18171883078,311555.5744966553
105543.0261518305,28552.059506208814,76990.96664562161,544645.9312013275,229716.51230558788,314929.4188957397
105844.1827620581,28561.771196846967,77282.41156521099,548007.8221313444,229824.9354915211,318182.88663982326
106134.4524829781,28570.39860925582,77564.05387372222,551207.168459588,229920.0723264467,321287.0961331413
106415.91230215029,28577.927546019037,77837.98475613112,554275.7129572401,230002.1650209633,324273.54793627694
106689.11636200741,28585.386456044664,78103.72990596268,557248.7578751289,230083.3436584925,327165.4142166365
106949.64004809731,28592.23778636645,78357.4022617308,560115.4778225668,230158.66849254922,329956.8093300177
107197.8050086969,28596.85953824257,78600.94547045423,562906.4727041406,230210.4630015072,332696.00970263354
107434.973690725,28600.191799927714,78834.78189079723,565643.512174764,230248.9444794631,335394.567695301
107660.03232745109,28603.739045193866,79056.29328225715,568302.9482363925,230290.88890529308,338012.0593310995
107872.48327668919,28607.15583924522,79265.32743744392,570852.7484079612,230331.88723226302,340520.8611756984
108072.2925821062,28609.73026726753,79462.56231483852,573261.7476587432,230362.9299269714,342898.81773177197
108261.4635811593,28611.196094737035,79650.26748642222,575531.921757308,230380.5448922536,345151.3768650545
108441.7037811648,28612.330335058654,79829.37344610611,577676.2219066204,230394.02634466763,347282.195561953
108613.38736716339,28613.31540678542,80000.07196037791,579702.1266026436,230405.6638838555,349296.4627187883
108775.4456871648,28614.85974511288,80160.58594205187,581603.6951827739,230423.76137911621,351179.9338036578
108929.71867288949,28618.110705661988,80311.60796722745,583406.2474883359,230461.7250212673,352944.5224670689
109077.8966758015,28622.98187745022,80454.91479835116,585126.5688206685,230518.2314523259,354608.3373683429
109219.5490190738,28630.38612020436,80589.16289886931,586753.3851911204,230603.1246490363,356150.2605420845
109352.5800645489,28639.294860789447,80713.28520375933,588263.0428353264,230704.21237538412,357558.8304599426
109478.691126532,28649.113226009664,80829.57790052227,589685.4633268297,230814.9489983765,358870.5143284537
109600.4278686043,28660.88578780556,80939.54208079867,591064.6586712601,230948.38761833738,360116.271052923
109716.9065309044,28673.96003609618,81042.94649480811,592399.5486504917,231098.27742379962,361301.2712266925
109829.3658050383,28688.51054012885,81140.85526490942,593701.5584718264,231266.78889981288,362434.7695720137
109939.5947720407,28705.5753427144,81234.01942932626,594981.7278452971,231464.9652180789,363516.7626272185
110048.2417491962,28725.44626062953,81322.79548856663,596238.664886847,231694.7934307209,364543.87145612633
110154.9942105038,28748.31880325648,81406.6754072472,597461.7584603685,231956.71406851648,365505.04439185216
110259.2573290367,28773.449654868036,81485.80767416858,598636.7458572915,232239.8129358662,366396.9329214255
110359.92876288641,28800.32376506228,81559.60499782405,599746.6237620935,232535.87437976422,367210.7493823295
110458.8166984463,28829.54439598449,81629.27230246173,600815.5193771635,232851.6307817243,367963.8885954393
110556.90800899289,28860.9835307756,81695.92447821723,601866.2426225503,233188.37808779988,368677.86453475064
110651.4146248306,28893.879603344663,81757.53502148586,602880.6648736425,233541.52971991678,369339.1351537259
110740.5559974229,28925.91676606785,81814.6392313549,603847.3848121822,233888.9449252669,369958.4398869153
110824.83344173609,28956.24418896162,81868.58925277437,604778.1386369392,234223.9191482204,370554.21948871884
110903.27814864789,28984.080937898012,81919.19721074979,605668.1068565379,234539.5985628368,371128.508293701
110975.3552511515,29008.5341340006,81966.82111715074,606513.5988861028,234826.35631307622,371687.2425730265
111041.3136399049,29031.012720137885,82010.30091976687,607310.5605273496,235098.0413121082,372212.5192152415
111101.11879049349,29052.68280073496,82048.43598975845,608044.6383533347,235364.0591287652,372680.57922456955
111157.8552539359,29075.55464858162,82082.30060535418,608738.6876224577,235643.7269691677,373094.96065329
111215.47326972631,29100.946989484437,82114.52628024177,609430.605235882,235948.57142306422,373482.0338128178
111277.3157649992,29132.2342286217,82145.08153637737,610154.7494150613,236314.4320384008,373840.3173766605
111345.83701721029,29171.06611374767,82174.77090346254,610936.9652733647,236757.6256963982,374179.3395769664
111423.9662104564,29218.81461673565,82205.15159372063,611809.171108253,237290.3942897656,374518.77681848744
111516.28800097699,29279.23723560473,82237.05076537223,612824.2668069949,237954.6839933662,374869.58281362866
111627.0911731554,29351.72741007138,82275.36376308392,614038.5237955061,238749.06125832532,375289.4625371807
111756.7076191033,29435.51781880109,82321.18980030208,615477.3777554877,239679.2326708723,375798.14508461533
111901.3725541056,29532.147810662016,82369.22474344354,617130.5866852165,240784.0754892247,376346.5111959919
112062.54466629619,29645.463763439628,82417.08090285651,619040.5650130586,242127.47227566032,376913.0927373983
112242.0114647406,29775.419348489413,82466.59211625106,621223.3159887877,243708.1610665534,377515.1549222343
112434.99351882859,29918.491396381763,82516.50212244673,623582.4431622799,245457.07112934891,378125.372032931
112636.9956585216,30072.247676685532,82564.74798183597,626016.3635726131,247309.44480029467,378706.91877231846
112842.255298848,30232.17459057755,82610.08070827035,628436.9315031708,249195.1719816736,379241.7595214972
113049.9509680393,30397.34452363416,82652.60644440509,630851.1546171003,251115.02474567672,379736.1298714236
113261.03671869189,30570.164483971734,82690.8722347201,633305.4035997906,253124.5290023084,380180.87459748244
113472.344115537,30749.07230499207,82723.27181054489,635791.6459280382,255229.7751655805,380561.8707624577
113686.7259133499,30934.265965687217,82752.45994766259,638354.6335885765,257443.9347033666,380910.69888521
113906.99603759189,31128.03794041938,82778.9580971725,641022.4928200498,259790.9904766626,381231.5023433873
114132.43006332971,31329.201781810352,82803.22828151923,643771.9691237772,262244.4733196941,381527.4958040833
114364.82129251689,31537.2923880364,82827.52890448045,646603.0222287707,264779.48885456397,381823.53337420686
114603.8919414094,31751.364634366517,82852.52730704282,649484.8913542518,267360.01759810216,382124.8737561498
114847.840082411,31969.55610067095,82878.28398173997,652373.0606823068,269943.2738458796,382429.7868364275
115095.0334931804,32191.07689037625,82903.95660280403,655244.227232079,272516.1842728232,382728.04295925633
115345.2308083839,32416.37311172074,82928.85769666306,658113.3282806651,275099.7168777031,383013.61140296224
115596.21785640212,32645.31231628062,82950.90554012137,660987.97976708,277721.9219856197,383266.05778146075
115843.85281977401,32875.568363445265,82968.28445632868,663852.9552635477,280385.9971023994,383466.9581611488
116089.7426058743,33107.26205042083,82982.48055545338,666742.1387662853,283108.4878840527,383633.650882233
116333.3319748826,33341.1399345827,82992.19204029988,669637.1269891785,285888.1919543325,383748.9350348462
116574.4981657983,33577.08899266745,82997.4091731308,672499.728494209,288688.799719277,383810.9287749323
116816.85042312769,33814.38118909441,83002.46923403327,675319.4631369031,291449.8382806899,383869.6248562136
117060.1235942008,34051.873515020336,83008.25007918045,678041.7487871358,294107.3550759816,383934.3937111546
117303.68697051359,34288.25580015547,83015.43117035809,680639.9747042833,296629.4032071221,384010.5714971616
117547.5645783067,34520.975850150084,83026.58872815652,683158.2148438419,299032.6364054235,384125.5784384188
117790.1449366273,34748.893633629574,83041.2513029977,685675.8767739902,301397.9352323583,384277.9415416324
118030.29237161051,34973.21689546276,83057.07547614771,688266.801903832,303818.1292955208,384448.6726083117
118267.11449079301,35193.742856912286,83073.37163388067,690932.4533738324,306300.2182295282,384632.2351443047
118499.81468447279,35410.995995379104,83088.81868909365,693613.6271936588,308803.4935588436,384810.1336348157
118727.34734955641,35626.10137363787,83101.24597591853,696262.0857383588,311307.3753408622,384954.71039749717
118950.2659215616,35838.066632442635,83112.19928911896,698900.7867458779,313816.3870732207,385084.39967265783
119158.20555468471,36044.0708704832,83114.13468420143,701431.5972363736,316325.44811112736,385106.14912524674
119356.0302204431,36239.62624960994,83116.4039708331,703908.2006432998,318772.375927745,385135.8247155555
119552.12574059711,36423.68473308597,83128.44100751111,706390.4598381827,321102.2607998031,385288.19903838023
119738.30784626961,36597.960970080465,83140.34687618913,708732.5892760316,323294.6103011896,385437.9789748426
119914.827213485,36762.65078673384,83152.17642675112,710915.0825488594,325330.9231260019,385584.1594228582
120085.747859745,36921.002379529564,83164.74548021537,712986.4068105201,327249.9838737341,385736.4229367867
120254.50569144949,37075.87817622129,83178.62751522813,715000.1202986453,329098.1196817248,385902.00061692134
120416.9763482244,37222.64133239891,83194.33501582545,716923.2878882991,330835.3925879285,386087.89530037116
120569.2539867666,37357.52525515825,83211.72873160834,718723.4373999966,332429.9084070287,386293.5289929686
120713.58822732349,37482.6074528376,83230.98077448588,720438.0927018753,333915.7826013638,386522.3101005122
120851.85360137929,37599.64590612777,83252.20769525149,722101.7277931706,335323.8664089593,386777.8613842121
120982.46175564939,37708.54579063674,83273.91596501258,723710.0335279058,336664.7960599062,387045.2374680003
121105.0069295185,37810.08946432601,83294.91746519241,725271.9227792509,337958.93308352603,387312.98969572573
121220.4268763058,37905.04657720281,83315.38029910294,726807.2415673061,339221.9361312207,387585.3054360861
121330.69235485491,37995.51386158,83335.17849327489,728343.1122026631,340482.08418859,387861.02801407385
121436.6835157191,38082.40515253701,83354.27836318202,729884.4769642536,341745.6295396742,388138.8474245801
121540.3742990764,38165.954934766545,83374.41936430987,731451.0130492005,343007.5564502339,388443.45659896726
121644.8919919801,38247.0563123906,83397.83567958948,733079.393436746,344270.71968859807,388808.67374814866
121749.6382737562,38325.631350725154,83424.00692303096,734748.5048257221,345522.672876607,389225.83194911573
121854.40748197811,38402.424831728684,83451.98265024938,736437.7708520101,346760.8265296143,389676.94432239654
121956.1413533175,38476.41947805965,83479.72187525779,738073.1873709522,347950.2907745232,390122.89659642975
122052.55147670211,38546.666823905085,83505.88465279702,739592.1131845856,349057.0743560395,390535.0388285471
122147.8148869602,38614.48869250273,83533.32619445749,741042.2598076679,350089.8994609417,390952.3603467272
122245.48658918029,38680.16667583383,83565.31991334645,742470.0879616623,351050.7584622689,391419.3294993943
122342.9438056034,38743.1458138351,83599.79799176827,743840.2931016801,351936.26375378383,391904.0293478972
122436.03869805961,38803.32850673247,83632.7101913271,745108.037180347,352755.78259658185,392352.25458376604
122524.2143561029,38860.851294344415,83663.36306175847,746291.954112172,353528.1257562589,392763.828355914
122605.21248732711,38913.270840656,83691.94164667107,747392.8055005086,354240.4174244949,393152.3880760146
122677.4898052259,38957.997571764,83719.49223346185,748413.8608983705,354871.7750223943,393542.0858759772
122742.9450015593,38997.5252960162,83745.41970554313,749392.8071276353,355463.1203954029,393929.68673223327
122809.8940368107,39031.6097701595,83778.28426665116,750465.0196425291,356005.65293718904,394459.3667053408
